year,state,party,votes,pc_won
1998,ANDAMAN & NICOBAR ISLANDS,BJP,51821,0.0
1998,ANDAMAN & NICOBAR ISLANDS,CPM,8272,0.0
1998,ANDAMAN & NICOBAR ISLANDS,INC,52365,1.0
1998,ANDAMAN & NICOBAR ISLANDS,IND,3691,0.0
1998,ANDAMAN & NICOBAR ISLANDS,Others,29687,0.0
1998,ANDHRA PRADESH,BJP,5836394,4.0
1998,ANDHRA PRADESH,BSP,65867,0.0
1998,ANDHRA PRADESH,CPM,921972,0.0
1998,ANDHRA PRADESH,INC,12269475,22.0
1998,ANDHRA PRADESH,IND,537578,0.0
1998,ANDHRA PRADESH,Others,2033547,4.0
1998,ANDHRA PRADESH,RJD,11447,0.0
1998,ANDHRA PRADESH,SP,23168,0.0
1998,ANDHRA PRADESH,TDP,10199463,12.0
1998,ARUNACHAL PRADESH,BJP,71505,0.0
1998,ARUNACHAL PRADESH,INC,78564,0.0
1998,ARUNACHAL PRADESH,Others,178695,2.0
1998,ASSAM,BJP,2049723,1.0
1998,ASSAM,CPM,274003,0.0
1998,ASSAM,INC,3264032,10.0
1998,ASSAM,IND,796799,1.0
1998,ASSAM,Others,1888838,2.0
1998,ASSAM,RJD,9069,0.0
1998,ASSAM,SP,93199,0.0
1998,BIHAR,BJP,8979956,20.0
1998,BIHAR,BSP,197236,0.0
1998,BIHAR,CPM,147713,0.0
1998,BIHAR,INC,2717204,5.0
1998,BIHAR,IND,734889,0.0
1998,BIHAR,Others,13882649,12.0
1998,BIHAR,RJD,9934389,17.0
1998,BIHAR,SP,780380,0.0
1998,CHANDIGARH,BJP,119787,1.0
1998,CHANDIGARH,INC,109421,0.0
1998,CHANDIGARH,IND,4426,0.0
1998,CHANDIGARH,Others,44071,0.0
1998,CHANDIGARH,RJD,498,0.0
1998,CHANDIGARH,SP,4552,0.0
1998,DADRA & NAGAR HAVELI,BJP,38970,1.0
1998,DADRA & NAGAR HAVELI,INC,2997,0.0
1998,DADRA & NAGAR HAVELI,IND,311,0.0
1998,DADRA & NAGAR HAVELI,Others,30253,0.0
1998,DAMAN & DIU,BJP,21649,1.0
1998,DAMAN & DIU,INC,1020,0.0
1998,DAMAN & DIU,IND,28927,0.0
1998,GOA,BJP,160047,0.0
1998,GOA,INC,168314,2.0
1998,GOA,IND,1656,0.0
1998,GOA,Others,202749,0.0
1998,GUJARAT,BJP,7864750,19.0
1998,GUJARAT,INC,5945219,7.0
1998,GUJARAT,IND,183804,0.0
1998,GUJARAT,Others,2207978,0.0
1998,GUJARAT,RJD,2580,0.0
1998,GUJARAT,SP,86830,0.0
1998,HARYANA,BJP,1427086,1.0
1998,HARYANA,BSP,580152,1.0
1998,HARYANA,CPM,25366,0.0
1998,HARYANA,INC,1965397,3.0
1998,HARYANA,IND,93288,0.0
1998,HARYANA,Others,3445732,5.0
1998,HARYANA,SP,15783,0.0
1998,HIMACHAL PRADESH,BJP,1224361,3.0
1998,HIMACHAL PRADESH,BSP,27459,0.0
1998,HIMACHAL PRADESH,INC,997410,1.0
1998,HIMACHAL PRADESH,IND,1081,0.0
1998,HIMACHAL PRADESH,Others,126468,0.0
1998,HIMACHAL PRADESH,SP,3889,0.0
1998,JAMMU & KASHMIR,BJP,618155,2.0
1998,JAMMU & KASHMIR,BSP,107386,0.0
1998,JAMMU & KASHMIR,INC,415354,1.0
1998,JAMMU & KASHMIR,IND,155448,0.0
1998,JAMMU & KASHMIR,Others,855140,3.0
1998,JAMMU & KASHMIR,RJD,2761,0.0
1998,JAMMU & KASHMIR,SP,4353,0.0
1998,KARNATAKA,BJP,5686151,13.0
1998,KARNATAKA,BSP,117540,0.0
1998,KARNATAKA,CPM,8127,0.0
1998,KARNATAKA,INC,7642756,9.0
1998,KARNATAKA,IND,159568,0.0
1998,KARNATAKA,Others,7479169,6.0
1998,KARNATAKA,RJD,2048,0.0
1998,KARNATAKA,SP,7311,0.0
1998,KERALA,BJP,1192046,0.0
1998,KERALA,BSP,19475,0.0
1998,KERALA,CPM,3121636,6.0
1998,KERALA,INC,5746566,8.0
1998,KERALA,IND,1013067,0.0
1998,KERALA,Others,3769035,6.0
1998,LAKSHADWEEP,INC,16014,1.0
1998,LAKSHADWEEP,Others,15050,0.0
1998,MADHYA PRADESH,BJP,12315405,30.0
1998,MADHYA PRADESH,BSP,2343027,0.0
1998,MADHYA PRADESH,CPM,28313,0.0
1998,MADHYA PRADESH,INC,10611317,10.0
1998,MADHYA PRADESH,IND,355110,0.0
1998,MADHYA PRADESH,Others,1094685,0.0
1998,MADHYA PRADESH,RJD,6689,0.0
1998,MADHYA PRADESH,SP,175461,0.0
1998,MAHARASHTRA,BJP,7081064,4.0
1998,MAHARASHTRA,BSP,237453,0.0
1998,MAHARASHTRA,CPM,190850,0.0
1998,MAHARASHTRA,INC,13744283,33.0
1998,MAHARASHTRA,IND,766477,0.0
1998,MAHARASHTRA,Others,8635138,11.0
1998,MAHARASHTRA,RJD,11177,0.0
1998,MAHARASHTRA,SP,825848,0.0
1998,MANIPUR,BJP,94543,0.0
1998,MANIPUR,INC,139434,0.0
1998,MANIPUR,IND,4668,0.0
1998,MANIPUR,Others,465220,2.0
1998,MANIPUR,RJD,45951,0.0
1998,MEGHALAYA,BJP,75618,0.0
1998,MEGHALAYA,INC,399583,2.0
1998,MEGHALAYA,Others,354526,0.0
1998,MEGHALAYA,RJD,4794,0.0
1998,MEGHALAYA,SP,4583,0.0
1998,MIZORAM,BJP,8998,0.0
1998,MIZORAM,INC,106511,0.0
1998,MIZORAM,IND,107046,1.0
1998,MIZORAM,Others,82047,0.0
1998,MIZORAM,RJD,974,0.0
1998,NAGALAND,INC,344223,1.0
1998,NAGALAND,Others,52785,0.0
1998,NATIONAL CAPITAL TERRITORY OF DELHI,BJP,2139254,6.0
1998,NATIONAL CAPITAL TERRITORY OF DELHI,BSP,98847,0.0
1998,NATIONAL CAPITAL TERRITORY OF DELHI,INC,1798165,1.0
1998,NATIONAL CAPITAL TERRITORY OF DELHI,IND,21317,0.0
1998,NATIONAL CAPITAL TERRITORY OF DELHI,Others,145560,0.0
1998,NATIONAL CAPITAL TERRITORY OF DELHI,RJD,1081,0.0
1998,NATIONAL CAPITAL TERRITORY OF DELHI,SP,12858,0.0
1998,ORISSA,BJD,3669825,9.0
1998,ORISSA,BJP,2828709,7.0
1998,ORISSA,BSP,43295,0.0
1998,ORISSA,CPM,54217,0.0
1998,ORISSA,INC,5477410,5.0
1998,ORISSA,IND,55156,0.0
1998,ORISSA,Others,1170142,0.0
1998,ORISSA,RJD,34668,0.0
1998,ORISSA,SP,12850,0.0
1998,PONDICHERRY,ADMK,102622,0.0
1998,PONDICHERRY,BSP,2589,0.0
1998,PONDICHERRY,DMK,168122,1.0
1998,PONDICHERRY,INC,131348,0.0
1998,PONDICHERRY,IND,882,0.0
1998,PONDICHERRY,Others,1958,0.0
1998,PONDICHERRY,RJD,1397,0.0
1998,PUNJAB,BJP,1063751,3.0
1998,PUNJAB,BSP,1152986,0.0
1998,PUNJAB,CPM,96893,0.0
1998,PUNJAB,INC,2356281,0.0
1998,PUNJAB,IND,447310,1.0
1998,PUNJAB,Others,3993892,9.0
1998,PUNJAB,RJD,4826,0.0
1998,RAJASTHAN,BJP,7352213,5.0
1998,RAJASTHAN,BSP,374609,0.0
1998,RAJASTHAN,CPM,225822,0.0
1998,RAJASTHAN,INC,7846072,18.0
1998,RAJASTHAN,IND,670923,1.0
1998,RAJASTHAN,Others,1033475,1.0
1998,RAJASTHAN,RJD,69153,0.0
1998,RAJASTHAN,SP,78261,0.0
1998,SIKKIM,INC,51611,0.0
1998,SIKKIM,IND,1820,0.0
1998,SIKKIM,Others,102440,1.0
1998,TAMIL NADU,ADMK,6628928,18.0
1998,TAMIL NADU,BJP,1757645,3.0
1998,TAMIL NADU,BSP,59981,0.0
1998,TAMIL NADU,CPM,161452,0.0
1998,TAMIL NADU,DMK,5140266,5.0
1998,TAMIL NADU,INC,1223102,0.0
1998,TAMIL NADU,IND,630586,1.0
1998,TAMIL NADU,Others,9966299,12.0
1998,TAMIL NADU,RJD,17970,0.0
1998,TAMIL NADU,SP,17569,0.0
1998,TRIPURA,BJP,112231,0.0
1998,TRIPURA,CPM,668736,2.0
1998,TRIPURA,INC,577174,0.0
1998,TRIPURA,IND,4284,0.0
1998,TRIPURA,Others,6845,0.0
1998,TRIPURA,RJD,1195,0.0
1998,UTTAR PRADESH,BJP,20369694,57.0
1998,UTTAR PRADESH,BSP,11670682,4.0
1998,UTTAR PRADESH,CPM,126856,0.0
1998,UTTAR PRADESH,INC,3361053,0.0
1998,UTTAR PRADESH,IND,1558789,1.0
1998,UTTAR PRADESH,Others,2700706,3.0
1998,UTTAR PRADESH,RJD,21148,0.0
1998,UTTAR PRADESH,SP,16020745,20.0
1998,WEST BENGAL,BJP,3724662,1.0
1998,WEST BENGAL,BSP,88195,0.0
1998,WEST BENGAL,CPM,12931639,24.0
1998,WEST BENGAL,INC,5551456,1.0
1998,WEST BENGAL,IND,381051,0.0
1998,WEST BENGAL,Others,13799167,16.0
1998,WEST BENGAL,RJD,46156,0.0
1999,ANDAMAN & NICOBAR ISLANDS,BJP,76891,1.0
1999,ANDAMAN & NICOBAR ISLANDS,INC,62944,0.0
1999,ANDAMAN & NICOBAR ISLANDS,IND,4941,0.0
1999,ANDAMAN & NICOBAR ISLANDS,Others,1015,0.0
1999,ANDHRA PRADESH,BJP,3303772,7.0
1999,ANDHRA PRADESH,CPM,467959,0.0
1999,ANDHRA PRADESH,INC,14278099,5.0
1999,ANDHRA PRADESH,IND,471195,0.0
1999,ANDHRA PRADESH,Others,1529496,1.0
1999,ANDHRA PRADESH,RJD,1124,0.0
1999,ANDHRA PRADESH,SP,16469,0.0
1999,ANDHRA PRADESH,TDP,13297370,29.0
1999,ARUNACHAL PRADESH,BJP,69389,0.0
1999,ARUNACHAL PRADESH,INC,242275,2.0
1999,ARUNACHAL PRADESH,Others,113999,0.0
1999,ASSAM,BJP,2958058,2.0
1999,ASSAM,CPM,175522,0.0
1999,ASSAM,INC,3808472,10.0
1999,ASSAM,IND,928219,1.0
1999,ASSAM,Others,2019654,1.0
1999,ASSAM,RJD,2700,0.0
1999,ASSAM,SP,19842,0.0
1999,BIHAR,BJP,8204850,23.0
1999,BIHAR,BSP,338049,0.0
1999,BIHAR,CPM,350958,1.0
1999,BIHAR,INC,3142603,4.0
1999,BIHAR,IND,1482483,1.0
1999,BIHAR,Others,12048184,18.0
1999,BIHAR,RJD,10085302,7.0
1999,CHANDIGARH,BJP,127475,0.0
1999,CHANDIGARH,BSP,7781,0.0
1999,CHANDIGARH,INC,132924,1.0
1999,CHANDIGARH,IND,8900,0.0
1999,CHANDIGARH,Others,883,0.0
1999,CHANDIGARH,SP,4853,0.0
1999,DADRA & NAGAR HAVELI,BJP,14975,0.0
1999,DADRA & NAGAR HAVELI,INC,10601,0.0
1999,DADRA & NAGAR HAVELI,IND,32300,1.0
1999,DADRA & NAGAR HAVELI,Others,14029,0.0
1999,DAMAN & DIU,BJP,21910,0.0
1999,DAMAN & DIU,INC,25136,1.0
1999,DAMAN & DIU,IND,3422,0.0
1999,DAMAN & DIU,Others,332,0.0
1999,GOA,BJP,211022,2.0
1999,GOA,INC,159844,0.0
1999,GOA,IND,6134,0.0
1999,GOA,Others,32794,0.0
1999,GUJARAT,BJP,7145614,20.0
1999,GUJARAT,BSP,9752,0.0
1999,GUJARAT,INC,6187113,6.0
1999,GUJARAT,IND,91476,0.0
1999,GUJARAT,Others,163092,0.0
1999,GUJARAT,SP,17975,0.0
1999,HARYANA,BJP,2036797,5.0
1999,HARYANA,BSP,136330,0.0
1999,HARYANA,CPM,10511,0.0
1999,HARYANA,INC,2435752,0.0
1999,HARYANA,IND,112521,0.0
1999,HARYANA,Others,2211735,5.0
1999,HARYANA,SP,29393,0.0
1999,HIMACHAL PRADESH,BJP,987167,3.0
1999,HIMACHAL PRADESH,BSP,6512,0.0
1999,HIMACHAL PRADESH,INC,843225,0.0
1999,HIMACHAL PRADESH,IND,10276,0.0
1999,HIMACHAL PRADESH,Others,284533,1.0
1999,HIMACHAL PRADESH,SP,1991,0.0
1999,JAMMU & KASHMIR,BJP,495715,2.0
1999,JAMMU & KASHMIR,BSP,75943,0.0
1999,JAMMU & KASHMIR,CPM,15649,0.0
1999,JAMMU & KASHMIR,INC,280065,0.0
1999,JAMMU & KASHMIR,IND,151229,0.0
1999,JAMMU & KASHMIR,Others,548998,4.0
1999,JAMMU & KASHMIR,RJD,2965,0.0
1999,KARNATAKA,ADMK,54950,0.0
1999,KARNATAKA,BJP,6077020,7.0
1999,KARNATAKA,BSP,144970,0.0
1999,KARNATAKA,CPM,17434,0.0
1999,KARNATAKA,INC,10150765,18.0
1999,KARNATAKA,IND,404368,0.0
1999,KARNATAKA,Others,5499460,3.0
1999,KARNATAKA,SP,4707,0.0
1999,KERALA,BJP,1008047,0.0
1999,KERALA,BSP,14331,0.0
1999,KERALA,CPM,4290986,8.0
1999,KERALA,INC,6051905,8.0
1999,KERALA,IND,732027,0.0
1999,KERALA,Others,3275025,4.0
1999,KERALA,RJD,5655,0.0
1999,LAKSHADWEEP,INC,16113,1.0
1999,LAKSHADWEEP,IND,281,0.0
1999,LAKSHADWEEP,Others,13466,0.0
1999,MADHYA PRADESH,BJP,11811850,29.0
1999,MADHYA PRADESH,BSP,1326558,0.0
1999,MADHYA PRADESH,CPM,11985,0.0
1999,MADHYA PRADESH,INC,11135161,11.0
1999,MADHYA PRADESH,IND,273286,0.0
1999,MADHYA PRADESH,Others,447329,0.0
1999,MADHYA PRADESH,RJD,3842,0.0
1999,MADHYA PRADESH,SP,346848,0.0
1999,MAHARASHTRA,BJP,6995634,13.0
1999,MAHARASHTRA,BSP,105698,0.0
1999,MAHARASHTRA,CPM,172226,0.0
1999,MAHARASHTRA,INC,9812144,10.0
1999,MAHARASHTRA,IND,1081381,1.0
1999,MAHARASHTRA,Others,14739814,24.0
1999,MAHARASHTRA,RJD,8290,0.0
1999,MAHARASHTRA,SP,116415,0.0
1999,MANIPUR,BJP,9110,0.0
1999,MANIPUR,INC,226047,0.0
1999,MANIPUR,IND,59255,0.0
1999,MANIPUR,Others,583591,2.0
1999,MANIPUR,RJD,15645,0.0
1999,MEGHALAYA,BJP,61849,0.0
1999,MEGHALAYA,INC,214324,1.0
1999,MEGHALAYA,IND,5010,0.0
1999,MEGHALAYA,Others,373147,1.0
1999,MIZORAM,IND,278963,1.0
1999,MIZORAM,Others,10691,0.0
1999,MIZORAM,RJD,2132,0.0
1999,NAGALAND,BJP,37156,0.0
1999,NAGALAND,INC,516119,1.0
1999,NAGALAND,IND,166007,0.0
1999,NAGALAND,Others,5763,0.0
1999,NATIONAL CAPITAL TERRITORY OF DELHI,BJP,1963125,7.0
1999,NATIONAL CAPITAL TERRITORY OF DELHI,BSP,85017,0.0
1999,NATIONAL CAPITAL TERRITORY OF DELHI,INC,1591682,0.0
1999,NATIONAL CAPITAL TERRITORY OF DELHI,IND,63673,0.0
1999,NATIONAL CAPITAL TERRITORY OF DELHI,Others,84749,0.0
1999,NATIONAL CAPITAL TERRITORY OF DELHI,SP,5242,0.0
1999,ORISSA,BJD,4378536,10.0
1999,ORISSA,BJP,3268201,9.0
1999,ORISSA,BSP,43160,0.0
1999,ORISSA,CPM,26344,0.0
1999,ORISSA,INC,4901186,2.0
1999,ORISSA,IND,173693,0.0
1999,ORISSA,Others,476601,0.0
1999,PONDICHERRY,INC,165108,1.0
1999,PONDICHERRY,IND,26397,0.0
1999,PONDICHERRY,Others,252657,0.0
1999,PUNJAB,BJP,801806,1.0
1999,PUNJAB,BSP,336375,0.0
1999,PUNJAB,CPM,190824,0.0
1999,PUNJAB,INC,3365176,8.0
1999,PUNJAB,IND,214840,0.0
1999,PUNJAB,Others,3843734,4.0
1999,PUNJAB,RJD,1770,0.0
1999,RAJASTHAN,BJP,7826294,16.0
1999,RAJASTHAN,BSP,457196,0.0
1999,RAJASTHAN,CPM,80491,0.0
1999,RAJASTHAN,INC,7475888,9.0
1999,RAJASTHAN,IND,223674,0.0
1999,RAJASTHAN,Others,429855,0.0
1999,RAJASTHAN,RJD,8546,0.0
1999,RAJASTHAN,SP,68233,0.0
1999,SIKKIM,INC,9762,0.0
1999,SIKKIM,IND,1077,0.0
1999,SIKKIM,Others,194294,1.0
1999,TAMIL NADU,ADMK,6992003,10.0
1999,TAMIL NADU,BJP,1945286,4.0
1999,TAMIL NADU,CPM,639516,1.0
1999,TAMIL NADU,DMK,6298832,12.0
1999,TAMIL NADU,INC,3022107,2.0
1999,TAMIL NADU,IND,339948,0.0
1999,TAMIL NADU,Others,7985525,10.0
1999,TAMIL NADU,RJD,8062,0.0
1999,TRIPURA,AITC,174154,0.0
1999,TRIPURA,BJP,154434,0.0
1999,TRIPURA,CPM,677487,2.0
1999,TRIPURA,INC,167173,0.0
1999,TRIPURA,IND,16988,0.0
1999,TRIPURA,Others,13409,0.0
1999,TRIPURA,RJD,949,0.0
1999,UTTAR PRADESH,BJP,15020338,29.0
1999,UTTAR PRADESH,BSP,12001923,14.0
1999,UTTAR PRADESH,CPM,13884,0.0
1999,UTTAR PRADESH,INC,8001685,10.0
1999,UTTAR PRADESH,IND,1965746,1.0
1999,UTTAR PRADESH,Others,4266582,5.0
1999,UTTAR PRADESH,SP,13078834,26.0
1999,WEST BENGAL,AITC,9189631,8.0
1999,WEST BENGAL,BJP,3928424,2.0
1999,WEST BENGAL,BSP,86250,0.0
1999,WEST BENGAL,CPM,12553991,21.0
1999,WEST BENGAL,INC,4688932,3.0
1999,WEST BENGAL,IND,666676,0.0
1999,WEST BENGAL,Others,4169332,8.0
1999,WEST BENGAL,RJD,3510,0.0
1999,WEST BENGAL,SP,6219,0.0
2004,ANDAMAN & NICOBAR ISLANDS,BJP,55294,0.0
2004,ANDAMAN & NICOBAR ISLANDS,BSP,1122,0.0
2004,ANDAMAN & NICOBAR ISLANDS,CPM,4175,0.0
2004,ANDAMAN & NICOBAR ISLANDS,INC,85794,1.0
2004,ANDAMAN & NICOBAR ISLANDS,IND,2639,0.0
2004,ANDAMAN & NICOBAR ISLANDS,Others,4801,0.0
2004,ANDHRA PRADESH,BJP,3006018,0.0
2004,ANDHRA PRADESH,BSP,507381,0.0
2004,ANDHRA PRADESH,CPM,373148,1.0
2004,ANDHRA PRADESH,INC,14861984,29.0
2004,ANDHRA PRADESH,IND,1483415,0.0
2004,ANDHRA PRADESH,Others,3636883,7.0
2004,ANDHRA PRADESH,RJD,7260,0.0
2004,ANDHRA PRADESH,SP,41770,0.0
2004,ANDHRA PRADESH,TDP,11844811,5.0
2004,ARUNACHAL PRADESH,AITC,6241,0.0
2004,ARUNACHAL PRADESH,BJP,207286,2.0
2004,ARUNACHAL PRADESH,INC,38341,0.0
2004,ARUNACHAL PRADESH,IND,46736,0.0
2004,ARUNACHAL PRADESH,Others,81423,0.0
2004,ARUNACHAL PRADESH,SP,4901,0.0
2004,ASSAM,BJP,2379524,2.0
2004,ASSAM,CPM,68627,0.0
2004,ASSAM,INC,3637405,9.0
2004,ASSAM,IND,1390938,1.0
2004,ASSAM,Others,2786507,2.0
2004,ASSAM,SP,109088,0.0
2004,BIHAR,BJP,4272195,5.0
2004,BIHAR,BSP,1050484,0.0
2004,BIHAR,CPM,227298,0.0
2004,BIHAR,INC,1315935,3.0
2004,BIHAR,IND,1931555,0.0
2004,BIHAR,Others,10852956,10.0
2004,BIHAR,RJD,8994821,22.0
2004,BIHAR,SP,684200,0.0
2004,CHANDIGARH,BJP,94632,0.0
2004,CHANDIGARH,BSP,6203,0.0
2004,CHANDIGARH,INC,139880,1.0
2004,CHANDIGARH,IND,9196,0.0
2004,CHANDIGARH,Others,18759,0.0
2004,CHHATTISGARH,BJP,3413759,10.0
2004,CHHATTISGARH,BSP,324122,0.0
2004,CHHATTISGARH,CPM,16479,0.0
2004,CHHATTISGARH,INC,2869260,1.0
2004,CHHATTISGARH,IND,275614,0.0
2004,CHHATTISGARH,Others,167644,0.0
2004,CHHATTISGARH,SP,78298,0.0
2004,DADRA & NAGAR HAVELI,BJP,13178,0.0
2004,DADRA & NAGAR HAVELI,BSP,725,0.0
2004,DADRA & NAGAR HAVELI,CPM,1158,0.0
2004,DADRA & NAGAR HAVELI,INC,21772,0.0
2004,DADRA & NAGAR HAVELI,IND,4865,0.0
2004,DADRA & NAGAR HAVELI,Others,42064,1.0
2004,DADRA & NAGAR HAVELI,SP,941,0.0
2004,DAMAN & DIU,BJP,26916,0.0
2004,DAMAN & DIU,BSP,1152,0.0
2004,DAMAN & DIU,INC,27523,1.0
2004,GOA,BJP,258750,1.0
2004,GOA,INC,164432,1.0
2004,GOA,IND,8962,0.0
2004,GOA,Others,120353,0.0
2004,GUJARAT,BJP,7204915,14.0
2004,GUJARAT,BSP,225637,0.0
2004,GUJARAT,CPM,16301,0.0
2004,GUJARAT,INC,6671926,12.0
2004,GUJARAT,IND,525055,0.0
2004,GUJARAT,Others,486718,0.0
2004,GUJARAT,SP,80352,0.0
2004,HARYANA,BJP,1393106,1.0
2004,HARYANA,BSP,403254,0.0
2004,HARYANA,INC,3409950,9.0
2004,HARYANA,IND,249413,0.0
2004,HARYANA,Others,2500605,0.0
2004,HARYANA,SP,137050,0.0
2004,HIMACHAL PRADESH,BJP,1104066,1.0
2004,HIMACHAL PRADESH,BSP,43475,0.0
2004,HIMACHAL PRADESH,INC,1294988,3.0
2004,HIMACHAL PRADESH,IND,41412,0.0
2004,HIMACHAL PRADESH,Others,4453,0.0
2004,HIMACHAL PRADESH,SP,7092,0.0
2004,JAMMU & KASHMIR,BJP,515965,0.0
2004,JAMMU & KASHMIR,BSP,49754,0.0
2004,JAMMU & KASHMIR,CPM,18466,0.0
2004,JAMMU & KASHMIR,INC,623182,2.0
2004,JAMMU & KASHMIR,IND,165352,1.0
2004,JAMMU & KASHMIR,Others,860740,3.0
2004,JAMMU & KASHMIR,SP,5883,0.0
2004,JHARKHAND,BJP,3090365,1.0
2004,JHARKHAND,BSP,219247,0.0
2004,JHARKHAND,CPM,37688,0.0
2004,JHARKHAND,INC,2007334,6.0
2004,JHARKHAND,IND,644647,0.0
2004,JHARKHAND,Others,2969853,5.0
2004,JHARKHAND,RJD,328197,2.0
2004,JHARKHAND,SP,63982,0.0
2004,KARNATAKA,BJP,8732783,18.0
2004,KARNATAKA,BSP,305435,0.0
2004,KARNATAKA,INC,9247605,8.0
2004,KARNATAKA,IND,588117,0.0
2004,KARNATAKA,Others,6207304,2.0
2004,KARNATAKA,RJD,14388,0.0
2004,KARNATAKA,SP,19027,0.0
2004,KERALA,BJP,1566569,0.0
2004,KERALA,BSP,74656,0.0
2004,KERALA,CPM,4754567,12.0
2004,KERALA,INC,4846637,0.0
2004,KERALA,IND,694512,1.0
2004,KERALA,Others,3149487,7.0
2004,LAKSHADWEEP,INC,15526,0.0
2004,LAKSHADWEEP,Others,16065,1.0
2004,LAKSHADWEEP,SP,229,0.0
2004,MADHYA PRADESH,BJP,8884913,25.0
2004,MADHYA PRADESH,BSP,876871,0.0
2004,MADHYA PRADESH,CPM,9936,0.0
2004,MADHYA PRADESH,INC,6289013,4.0
2004,MADHYA PRADESH,IND,742198,0.0
2004,MADHYA PRADESH,Others,1066219,0.0
2004,MADHYA PRADESH,SP,590090,0.0
2004,MAHARASHTRA,BJP,7745290,13.0
2004,MAHARASHTRA,BSP,1046234,0.0
2004,MAHARASHTRA,CPM,246349,0.0
2004,MAHARASHTRA,INC,8143246,13.0
2004,MAHARASHTRA,IND,1333828,0.0
2004,MAHARASHTRA,Others,15469210,22.0
2004,MAHARASHTRA,SP,269121,0.0
2004,MANIPUR,AITC,20131,0.0
2004,MANIPUR,BJP,213892,0.0
2004,MANIPUR,INC,154055,1.0
2004,MANIPUR,IND,232633,1.0
2004,MANIPUR,Others,414846,0.0
2004,MEGHALAYA,AITC,191938,1.0
2004,MEGHALAYA,BJP,58560,0.0
2004,MEGHALAYA,INC,309233,1.0
2004,MEGHALAYA,IND,119162,0.0
2004,MIZORAM,IND,159170,0.0
2004,MIZORAM,Others,189376,1.0
2004,NAGALAND,INC,246109,0.0
2004,NAGALAND,IND,5333,0.0
2004,NAGALAND,Others,703277,1.0
2004,NATIONAL CAPITAL TERRITORY OF DELHI,BJP,1677833,1.0
2004,NATIONAL CAPITAL TERRITORY OF DELHI,BSP,102269,0.0
2004,NATIONAL CAPITAL TERRITORY OF DELHI,INC,2261199,6.0
2004,NATIONAL CAPITAL TERRITORY OF DELHI,IND,52322,0.0
2004,NATIONAL CAPITAL TERRITORY OF DELHI,Others,31135,0.0
2004,NATIONAL CAPITAL TERRITORY OF DELHI,SP,1074,0.0
2004,ORISSA,BJD,5082849,11.0
2004,ORISSA,BJP,3268296,7.0
2004,ORISSA,BSP,372769,0.0
2004,ORISSA,INC,6845738,2.0
2004,ORISSA,IND,761415,0.0
2004,ORISSA,Others,497662,1.0
2004,ORISSA,SP,105595,0.0
2004,PONDICHERRY,BJP,172472,0.0
2004,PONDICHERRY,BSP,2665,0.0
2004,PONDICHERRY,IND,35192,0.0
2004,PONDICHERRY,Others,272159,1.0
2004,PONDICHERRY,RJD,1328,0.0
2004,PUNJAB,BJP,1071650,3.0
2004,PUNJAB,BSP,784454,0.0
2004,PUNJAB,CPM,185444,0.0
2004,PUNJAB,INC,3495187,2.0
2004,PUNJAB,IND,281608,0.0
2004,PUNJAB,Others,4407379,8.0
2004,PUNJAB,SP,3350,0.0
2004,RAJASTHAN,BJP,8494488,21.0
2004,RAJASTHAN,BSP,548297,0.0
2004,RAJASTHAN,CPM,89042,0.0
2004,RAJASTHAN,INC,7179939,4.0
2004,RAJASTHAN,IND,471289,0.0
2004,RAJASTHAN,Others,497888,0.0
2004,RAJASTHAN,SP,51505,0.0
2004,SIKKIM,INC,60258,0.0
2004,SIKKIM,Others,159390,1.0
2004,TAMIL NADU,ADMK,8547014,0.0
2004,TAMIL NADU,BJP,1455899,0.0
2004,TAMIL NADU,BSP,167619,0.0
2004,TAMIL NADU,CPM,824524,2.0
2004,TAMIL NADU,DMK,7064393,16.0
2004,TAMIL NADU,INC,4134255,10.0
2004,TAMIL NADU,IND,947938,0.0
2004,TAMIL NADU,Others,5566228,11.0
2004,TAMIL NADU,SP,6645,0.0
2004,TRIPURA,AITC,67379,0.0
2004,TRIPURA,BJP,103494,0.0
2004,TRIPURA,CPM,911073,2.0
2004,TRIPURA,INC,189134,0.0
2004,TRIPURA,IND,31837,0.0
2004,TRIPURA,Others,21336,0.0
2004,UTTAR PRADESH,BJP,11810187,10.0
2004,UTTAR PRADESH,BSP,13139200,19.0
2004,UTTAR PRADESH,CPM,10937,0.0
2004,UTTAR PRADESH,INC,6412293,9.0
2004,UTTAR PRADESH,IND,2031483,1.0
2004,UTTAR PRADESH,Others,5584083,6.0
2004,UTTAR PRADESH,RJD,38153,0.0
2004,UTTAR PRADESH,SP,14243280,35.0
2004,UTTARANCHAL,BJP,1095316,3.0
2004,UTTARANCHAL,BSP,180885,0.0
2004,UTTARANCHAL,CPM,4360,0.0
2004,UTTARANCHAL,INC,1024062,1.0
2004,UTTARANCHAL,IND,76094,0.0
2004,UTTARANCHAL,Others,80069,0.0
2004,UTTARANCHAL,SP,212085,1.0
2004,WEST BENGAL,AITC,7786178,1.0
2004,WEST BENGAL,BJP,2983950,0.0
2004,WEST BENGAL,BSP,331319,0.0
2004,WEST BENGAL,CPM,14271042,26.0
2004,WEST BENGAL,INC,5385754,6.0
2004,WEST BENGAL,IND,1205970,0.0
2004,WEST BENGAL,Others,4927506,9.0
2004,WEST BENGAL,SP,108514,0.0
2009,ANDAMAN & NICOBAR ISLANDS,BJP,75211,1.0
2009,ANDAMAN & NICOBAR ISLANDS,BSP,789,0.0
2009,ANDAMAN & NICOBAR ISLANDS,CPM,7190,0.0
2009,ANDAMAN & NICOBAR ISLANDS,INC,72221,0.0
2009,ANDAMAN & NICOBAR ISLANDS,IND,2561,0.0
2009,ANDAMAN & NICOBAR ISLANDS,Others,7215,0.0
2009,ANDAMAN & NICOBAR ISLANDS,RJD,4916,0.0
2009,ANDHRA PRADESH,BJP,1577512,0.0
2009,ANDHRA PRADESH,BSP,384628,0.0
2009,ANDHRA PRADESH,CPM,532229,0.0
2009,ANDHRA PRADESH,INC,16377941,33.0
2009,ANDHRA PRADESH,IND,1385698,0.0
2009,ANDHRA PRADESH,Others,11286826,3.0
2009,ANDHRA PRADESH,RJD,17028,0.0
2009,ANDHRA PRADESH,SP,3936,0.0
2009,ANDHRA PRADESH,TDP,10481659,6.0
2009,ARUNACHAL PRADESH,BJP,186103,0.0
2009,ARUNACHAL PRADESH,INC,255866,2.0
2009,ARUNACHAL PRADESH,IND,3167,0.0
2009,ARUNACHAL PRADESH,Others,55506,0.0
2009,ASSAM,BJP,1967813,4.0
2009,ASSAM,CPM,84610,0.0
2009,ASSAM,INC,4235681,7.0
2009,ASSAM,IND,921379,0.0
2009,ASSAM,Others,4901913,3.0
2009,ASSAM,RJD,4399,0.0
2009,ASSAM,SP,25376,0.0
2009,BIHAR,BJP,3376109,12.0
2009,BIHAR,BSP,1071808,0.0
2009,BIHAR,CPM,124007,0.0
2009,BIHAR,INC,2487008,2.0
2009,BIHAR,IND,2937221,2.0
2009,BIHAR,Others,9557564,20.0
2009,BIHAR,RJD,4678880,4.0
2009,CHANDIGARH,BJP,102075,0.0
2009,CHANDIGARH,BSP,61434,0.0
2009,CHANDIGARH,INC,161042,1.0
2009,CHANDIGARH,IND,6433,0.0
2009,CHANDIGARH,Others,1024,0.0
2009,CHANDIGARH,RJD,11549,0.0
2009,CHATTISGARH,BJP,3851970,10.0
2009,CHATTISGARH,BSP,386872,0.0
2009,CHATTISGARH,CPM,11667,0.0
2009,CHATTISGARH,INC,3192007,1.0
2009,CHATTISGARH,IND,842855,0.0
2009,CHATTISGARH,Others,269472,0.0
2009,DADRA & NAGAR HAVELI,BJP,51242,1.0
2009,DADRA & NAGAR HAVELI,BSP,1385,0.0
2009,DADRA & NAGAR HAVELI,INC,50624,0.0
2009,DADRA & NAGAR HAVELI,IND,7112,0.0
2009,DAMAN & DIU,BJP,44546,1.0
2009,DAMAN & DIU,INC,19708,0.0
2009,DAMAN & DIU,IND,1246,0.0
2009,DAMAN & DIU,Others,2144,0.0
2009,DAMAN & DIU,SP,380,0.0
2009,GOA,BJP,252694,1.0
2009,GOA,INC,127494,1.0
2009,GOA,IND,11827,0.0
2009,GOA,Others,172240,0.0
2009,GUJARAT,BJP,8128858,15.0
2009,GUJARAT,BSP,282761,0.0
2009,GUJARAT,CPM,32430,0.0
2009,GUJARAT,INC,7579957,11.0
2009,GUJARAT,IND,832856,0.0
2009,GUJARAT,Others,537437,0.0
2009,GUJARAT,SP,78624,0.0
2009,HARYANA,BJP,986136,0.0
2009,HARYANA,BSP,1284067,0.0
2009,HARYANA,CPM,18999,0.0
2009,HARYANA,INC,3407291,9.0
2009,HARYANA,IND,214084,0.0
2009,HARYANA,Others,2237578,1.0
2009,HARYANA,SP,8398,0.0
2009,HIMACHAL PRADESH,BJP,1333774,3.0
2009,HIMACHAL PRADESH,BSP,42810,0.0
2009,HIMACHAL PRADESH,CPM,20664,0.0
2009,HIMACHAL PRADESH,INC,1226933,1.0
2009,HIMACHAL PRADESH,IND,39991,0.0
2009,HIMACHAL PRADESH,Others,23998,0.0
2009,HIMACHAL PRADESH,SP,2120,0.0
2009,JAMMU & KASHMIR,BJP,485303,0.0
2009,JAMMU & KASHMIR,BSP,80909,0.0
2009,JAMMU & KASHMIR,INC,643175,2.0
2009,JAMMU & KASHMIR,IND,163790,1.0
2009,JAMMU & KASHMIR,Others,1232122,3.0
2009,JAMMU & KASHMIR,SP,2036,0.0
2009,JHARKHAND,AITC,12563,0.0
2009,JHARKHAND,BJP,2515265,8.0
2009,JHARKHAND,BSP,321571,0.0
2009,JHARKHAND,CPM,49407,0.0
2009,JHARKHAND,INC,1372639,1.0
2009,JHARKHAND,IND,1016099,2.0
2009,JHARKHAND,Others,3314358,3.0
2009,JHARKHAND,RJD,486870,0.0
2009,JHARKHAND,SP,47046,0.0
2009,KARNATAKA,BJP,10228790,19.0
2009,KARNATAKA,BSP,407648,0.0
2009,KARNATAKA,CPM,18328,0.0
2009,KARNATAKA,INC,9250984,6.0
2009,KARNATAKA,IND,1012448,0.0
2009,KARNATAKA,Others,3605130,3.0
2009,KARNATAKA,RJD,16286,0.0
2009,KARNATAKA,SP,33099,0.0
2009,KERALA,AITC,1606,0.0
2009,KERALA,BJP,1011563,0.0
2009,KERALA,BSP,205337,0.0
2009,KERALA,CPM,4887333,4.0
2009,KERALA,INC,6434486,13.0
2009,KERALA,IND,611810,0.0
2009,KERALA,Others,2882740,3.0
2009,LAKSHADWEEP,BJP,245,0.0
2009,LAKSHADWEEP,CPM,467,0.0
2009,LAKSHADWEEP,INC,20492,1.0
2009,LAKSHADWEEP,Others,18294,0.0
2009,MADHYA PRADESH,BJP,8465524,16.0
2009,MADHYA PRADESH,BSP,1140044,1.0
2009,MADHYA PRADESH,CPM,5537,0.0
2009,MADHYA PRADESH,INC,7820333,12.0
2009,MADHYA PRADESH,IND,957495,0.0
2009,MADHYA PRADESH,Others,493062,0.0
2009,MADHYA PRADESH,RJD,51272,0.0
2009,MADHYA PRADESH,SP,551341,0.0
2009,MAHARASHTRA,BJP,6721644,9.0
2009,MAHARASHTRA,BSP,1785643,0.0
2009,MAHARASHTRA,CPM,197576,0.0
2009,MAHARASHTRA,INC,7253634,17.0
2009,MAHARASHTRA,IND,2983128,1.0
2009,MAHARASHTRA,Others,17674452,21.0
2009,MAHARASHTRA,RJD,4025,0.0
2009,MAHARASHTRA,SP,371209,0.0
2009,MANIPUR,BJP,127146,0.0
2009,MANIPUR,INC,575393,2.0
2009,MANIPUR,IND,23188,0.0
2009,MANIPUR,Others,608813,0.0
2009,MANIPUR,RJD,4859,0.0
2009,MEGHALAYA,INC,368801,1.0
2009,MEGHALAYA,IND,21322,0.0
2009,MEGHALAYA,Others,432443,1.0
2009,MIZORAM,INC,213779,1.0
2009,MIZORAM,IND,108913,0.0
2009,MIZORAM,Others,3299,0.0
2009,NAGALAND,AITC,8174,0.0
2009,NAGALAND,INC,349203,0.0
2009,NAGALAND,Others,832224,1.0
2009,NCT OF DELHI,BJP,2026876,0.0
2009,NCT OF DELHI,BSP,307232,0.0
2009,NCT OF DELHI,INC,3285353,7.0
2009,NCT OF DELHI,IND,63817,0.0
2009,NCT OF DELHI,Others,53412,0.0
2009,NCT OF DELHI,SP,16357,0.0
2009,ORISSA,BJD,6612552,14.0
2009,ORISSA,BJP,2999520,0.0
2009,ORISSA,BSP,337916,0.0
2009,ORISSA,CPM,71582,0.0
2009,ORISSA,INC,5816904,6.0
2009,ORISSA,IND,413030,0.0
2009,ORISSA,Others,1459525,1.0
2009,ORISSA,SP,50955,0.0
2009,PUDUCHERRY,BJP,13442,0.0
2009,PUDUCHERRY,BSP,3697,0.0
2009,PUDUCHERRY,INC,300391,1.0
2009,PUDUCHERRY,IND,26013,0.0
2009,PUDUCHERRY,Others,264405,0.0
2009,PUNJAB,BJP,1190144,1.0
2009,PUNJAB,BSP,680048,0.0
2009,PUNJAB,CPM,17147,0.0
2009,PUNJAB,INC,5350377,8.0
2009,PUNJAB,IND,274446,0.0
2009,PUNJAB,Others,4299648,4.0
2009,PUNJAB,SP,17494,0.0
2009,RAJASTHAN,BJP,6557727,4.0
2009,RAJASTHAN,BSP,604355,0.0
2009,RAJASTHAN,CPM,225068,0.0
2009,RAJASTHAN,INC,8461227,20.0
2009,RAJASTHAN,IND,1669786,1.0
2009,RAJASTHAN,Others,355300,0.0
2009,RAJASTHAN,SP,58130,0.0
2009,SIKKIM,BJP,4458,0.0
2009,SIKKIM,INC,74483,0.0
2009,SIKKIM,IND,3687,0.0
2009,SIKKIM,Others,169123,1.0
2009,TAMIL NADU,ADMK,6953591,9.0
2009,TAMIL NADU,AITC,755,0.0
2009,TAMIL NADU,BJP,711790,0.0
2009,TAMIL NADU,BSP,232583,0.0
2009,TAMIL NADU,CPM,669058,1.0
2009,TAMIL NADU,DMK,7625397,18.0
2009,TAMIL NADU,INC,4567799,8.0
2009,TAMIL NADU,IND,1151204,0.0
2009,TAMIL NADU,Others,8455628,3.0
2009,TAMIL NADU,SP,23155,0.0
2009,TRIPURA,AITC,9695,0.0
2009,TRIPURA,BJP,59457,0.0
2009,TRIPURA,CPM,1084883,2.0
2009,TRIPURA,INC,540753,0.0
2009,TRIPURA,IND,35698,0.0
2009,TRIPURA,Others,28015,0.0
2009,UTTAR PRADESH,AITC,2164,0.0
2009,UTTAR PRADESH,BJP,9695904,10.0
2009,UTTAR PRADESH,BSP,15191044,20.0
2009,UTTAR PRADESH,CPM,10700,0.0
2009,UTTAR PRADESH,INC,10113521,21.0
2009,UTTAR PRADESH,IND,2504643,1.0
2009,UTTAR PRADESH,Others,5004163,5.0
2009,UTTAR PRADESH,SP,12884968,23.0
2009,UTTARAKHAND,BJP,1061358,0.0
2009,UTTARAKHAND,BSP,478394,0.0
2009,UTTARAKHAND,CPM,5562,0.0
2009,UTTARAKHAND,INC,1354468,5.0
2009,UTTARAKHAND,IND,86126,0.0
2009,UTTARAKHAND,Others,96821,0.0
2009,UTTARAKHAND,SP,57316,0.0
2009,WEST BENGAL,AITC,13321553,19.0
2009,WEST BENGAL,BJP,2625182,1.0
2009,WEST BENGAL,BSP,435945,0.0
2009,WEST BENGAL,CPM,14144667,9.0
2009,WEST BENGAL,INC,5749051,6.0
2009,WEST BENGAL,IND,1314613,1.0
2009,WEST BENGAL,Others,5086839,6.0
2009,WEST BENGAL,SP,52698,0.0
2014,ANDAMAN & NICOBAR ISLANDS,AITC,2283,0.0
2014,ANDAMAN & NICOBAR ISLANDS,BJP,90969,1.0
2014,ANDAMAN & NICOBAR ISLANDS,BSP,1139,0.0
2014,ANDAMAN & NICOBAR ISLANDS,CPM,1777,0.0
2014,ANDAMAN & NICOBAR ISLANDS,INC,83157,0.0
2014,ANDAMAN & NICOBAR ISLANDS,IND,3511,0.0
2014,ANDAMAN & NICOBAR ISLANDS,Others,7113,0.0
2014,ANDAMAN & NICOBAR ISLANDS,SP,379,0.0
2014,ANDHRA PRADESH,BJP,4091908,3.0
2014,ANDHRA PRADESH,BSP,397567,0.0
2014,ANDHRA PRADESH,CPM,158524,0.0
2014,ANDHRA PRADESH,INC,5578329,2.0
2014,ANDHRA PRADESH,IND,949666,0.0
2014,ANDHRA PRADESH,Others,9093056,12.0
2014,ANDHRA PRADESH,RJD,3473,0.0
2014,ANDHRA PRADESH,TDP,14099230,16.0
2014,ANDHRA PRADESH,YSRCP,13995435,9.0
2014,ARUNACHAL PRADESH,AITC,9135,0.0
2014,ARUNACHAL PRADESH,BJP,275344,1.0
2014,ARUNACHAL PRADESH,INC,246084,1.0
2014,ARUNACHAL PRADESH,IND,2362,0.0
2014,ARUNACHAL PRADESH,Others,64031,0.0
2014,ASSAM,AITC,106661,0.0
2014,ASSAM,BJP,5507152,7.0
2014,ASSAM,CPM,64945,0.0
2014,ASSAM,INC,4467295,3.0
2014,ASSAM,IND,1436900,1.0
2014,ASSAM,Others,3478280,3.0
2014,ASSAM,SP,24650,0.0
2014,BIHAR,AITC,46850,0.0
2014,BIHAR,BJP,10543025,22.0
2014,BIHAR,BSP,765758,0.0
2014,BIHAR,CPM,106297,0.0
2014,BIHAR,INC,3021065,2.0
2014,BIHAR,IND,1533264,0.0
2014,BIHAR,Others,12545849,12.0
2014,BIHAR,RJD,7224893,4.0
2014,BIHAR,SP,98331,0.0
2014,CHANDIGARH,BJP,191362,1.0
2014,CHANDIGARH,BSP,15934,0.0
2014,CHANDIGARH,INC,121720,0.0
2014,CHANDIGARH,IND,8496,0.0
2014,CHANDIGARH,Others,115943,0.0
2014,CHATTISGARH,AITC,16287,0.0
2014,CHATTISGARH,BJP,5973904,10.0
2014,CHATTISGARH,BSP,293910,0.0
2014,CHATTISGARH,CPM,14849,0.0
2014,CHATTISGARH,INC,4702813,1.0
2014,CHATTISGARH,IND,516430,0.0
2014,CHATTISGARH,Others,717479,0.0
2014,CHATTISGARH,SP,19907,0.0
2014,DADRA & NAGAR HAVELI,BJP,80790,1.0
2014,DADRA & NAGAR HAVELI,BSP,982,0.0
2014,DADRA & NAGAR HAVELI,INC,74576,0.0
2014,DADRA & NAGAR HAVELI,IND,2786,0.0
2014,DADRA & NAGAR HAVELI,Others,6152,0.0
2014,DAMAN & DIU,BJP,46960,1.0
2014,DAMAN & DIU,BSP,490,0.0
2014,DAMAN & DIU,INC,37738,0.0
2014,DAMAN & DIU,Others,2045,0.0
2014,GOA,AITC,11941,0.0
2014,GOA,BJP,436679,2.0
2014,GOA,INC,298750,0.0
2014,GOA,IND,17152,0.0
2014,GOA,Others,52478,0.0
2014,GUJARAT,BJP,15249243,26.0
2014,GUJARAT,BSP,243949,0.0
2014,GUJARAT,CPM,28958,0.0
2014,GUJARAT,INC,8486083,0.0
2014,GUJARAT,IND,542006,0.0
2014,GUJARAT,Others,1249035,0.0
2014,GUJARAT,SP,24729,0.0
2014,HARYANA,AITC,4198,0.0
2014,HARYANA,BJP,3993527,7.0
2014,HARYANA,BSP,527013,0.0
2014,HARYANA,CPM,21168,0.0
2014,HARYANA,INC,2634905,1.0
2014,HARYANA,IND,191278,0.0
2014,HARYANA,Others,4115421,2.0
2014,HARYANA,SP,7641,0.0
2014,HIMACHAL PRADESH,BJP,1652995,4.0
2014,HIMACHAL PRADESH,BSP,22928,0.0
2014,HIMACHAL PRADESH,CPM,25399,0.0
2014,HIMACHAL PRADESH,INC,1260477,0.0
2014,HIMACHAL PRADESH,IND,28507,0.0
2014,HIMACHAL PRADESH,Others,99750,0.0
2014,HIMACHAL PRADESH,SP,8444,0.0
2014,JAMMU & KASHMIR,BJP,1154220,3.0
2014,JAMMU & KASHMIR,BSP,54091,0.0
2014,JAMMU & KASHMIR,INC,815510,0.0
2014,JAMMU & KASHMIR,IND,223498,0.0
2014,JAMMU & KASHMIR,Others,1312701,3.0
2014,JAMMU & KASHMIR,SP,6843,0.0
2014,JHARKHAND,AITC,306332,0.0
2014,JHARKHAND,BJP,5207439,12.0
2014,JHARKHAND,BSP,140141,0.0
2014,JHARKHAND,CPM,68212,0.0
2014,JHARKHAND,INC,1724740,0.0
2014,JHARKHAND,IND,426224,0.0
2014,JHARKHAND,Others,4839880,2.0
2014,JHARKHAND,RJD,212571,0.0
2014,JHARKHAND,SP,57401,0.0
2014,KARNATAKA,AITC,2276,0.0
2014,KARNATAKA,BJP,13350285,17.0
2014,KARNATAKA,BSP,265006,0.0
2014,KARNATAKA,CPM,35465,0.0
2014,KARNATAKA,INC,12666530,9.0
2014,KARNATAKA,IND,483513,0.0
2014,KARNATAKA,Others,4218204,2.0
2014,KARNATAKA,SP,17582,0.0
2014,KERALA,AITC,4299,0.0
2014,KERALA,BJP,1856796,0.0
2014,KERALA,BSP,71316,0.0
2014,KERALA,CPM,3880655,5.0
2014,KERALA,INC,5590285,8.0
2014,KERALA,IND,2043666,2.0
2014,KERALA,Others,4528878,5.0
2014,LAKSHADWEEP,BJP,187,0.0
2014,LAKSHADWEEP,CPM,465,0.0
2014,LAKSHADWEEP,INC,20130,0.0
2014,LAKSHADWEEP,Others,21969,1.0
2014,LAKSHADWEEP,SP,488,0.0
2014,MADHYA PRADESH,AITC,2114,0.0
2014,MADHYA PRADESH,BJP,16015695,27.0
2014,MADHYA PRADESH,BSP,1124772,0.0
2014,MADHYA PRADESH,CPM,16375,0.0
2014,MADHYA PRADESH,INC,10340274,2.0
2014,MADHYA PRADESH,IND,548867,0.0
2014,MADHYA PRADESH,Others,1370404,0.0
2014,MADHYA PRADESH,SP,221306,0.0
2014,MAHARASHTRA,AITC,13361,0.0
2014,MAHARASHTRA,BJP,13308961,23.0
2014,MAHARASHTRA,BSP,1271680,0.0
2014,MAHARASHTRA,CPM,181629,0.0
2014,MAHARASHTRA,INC,8830190,2.0
2014,MAHARASHTRA,IND,1577114,0.0
2014,MAHARASHTRA,Others,23460752,23.0
2014,MAHARASHTRA,SP,73732,0.0
2014,MANIPUR,AITC,52655,0.0
2014,MANIPUR,BJP,168272,0.0
2014,MANIPUR,INC,588872,2.0
2014,MANIPUR,IND,43013,0.0
2014,MANIPUR,Others,559824,0.0
2014,MEGHALAYA,BJP,95979,0.0
2014,MEGHALAYA,INC,408925,1.0
2014,MEGHALAYA,IND,180658,0.0
2014,MEGHALAYA,Others,392496,1.0
2014,MIZORAM,INC,210485,1.0
2014,MIZORAM,IND,204331,0.0
2014,MIZORAM,Others,18385,0.0
2014,NAGALAND,INC,313147,0.0
2014,NAGALAND,Others,725763,1.0
2014,NCT OF DELHI,AITC,9921,0.0
2014,NCT OF DELHI,BJP,3838850,7.0
2014,NCT OF DELHI,BSP,101609,0.0
2014,NCT OF DELHI,INC,1253078,0.0
2014,NCT OF DELHI,IND,261664,0.0
2014,NCT OF DELHI,Others,2806644,0.0
2014,ODISHA,AITC,30717,0.0
2014,ODISHA,BJD,9489946,20.0
2014,ODISHA,BJP,4638565,1.0
2014,ODISHA,BSP,218403,0.0
2014,ODISHA,CPM,35968,0.0
2014,ODISHA,INC,5591380,0.0
2014,ODISHA,IND,333196,0.0
2014,ODISHA,Others,1170094,0.0
2014,ODISHA,SP,20614,0.0
2014,PUDUCHERRY,ADMK,132657,0.0
2014,PUDUCHERRY,BSP,2060,0.0
2014,PUDUCHERRY,DMK,60580,0.0
2014,PUDUCHERRY,INC,194972,0.0
2014,PUDUCHERRY,IND,26771,0.0
2014,PUDUCHERRY,Others,322977,1.0
2014,PUNJAB,BJP,1209004,2.0
2014,PUNJAB,BSP,263227,0.0
2014,PUNJAB,CPM,17965,0.0
2014,PUNJAB,INC,4575879,3.0
2014,PUNJAB,IND,498039,0.0
2014,PUNJAB,Others,7280096,8.0
2014,PUNJAB,SP,922,0.0
2014,RAJASTHAN,AITC,31160,0.0
2014,RAJASTHAN,BJP,14895106,25.0
2014,RAJASTHAN,BSP,633786,0.0
2014,RAJASTHAN,CPM,78856,0.0
2014,RAJASTHAN,INC,8230164,0.0
2014,RAJASTHAN,IND,1806700,0.0
2014,RAJASTHAN,Others,1418979,0.0
2014,RAJASTHAN,SP,15891,0.0
2014,SIKKIM,AITC,1972,0.0
2014,SIKKIM,BJP,7279,0.0
2014,SIKKIM,INC,7189,0.0
2014,SIKKIM,Others,292527,1.0
2014,TAMIL NADU,ADMK,17978922,37.0
2014,TAMIL NADU,BJP,2223566,1.0
2014,TAMIL NADU,BSP,155951,0.0
2014,TAMIL NADU,CPM,220632,0.0
2014,TAMIL NADU,DMK,9570666,0.0
2014,TAMIL NADU,INC,1750990,0.0
2014,TAMIL NADU,IND,866317,0.0
2014,TAMIL NADU,Others,7823944,1.0
2014,TAMIL NADU,SP,16161,0.0
2014,TRIPURA,AITC,194755,0.0
2014,TRIPURA,BJP,115319,0.0
2014,TRIPURA,CPM,1295436,2.0
2014,TRIPURA,INC,307592,0.0
2014,TRIPURA,IND,17764,0.0
2014,TRIPURA,Others,92963,0.0
2014,UTTAR PRADESH,AITC,99486,0.0
2014,UTTAR PRADESH,BJP,34318854,71.0
2014,UTTAR PRADESH,BSP,15914194,0.0
2014,UTTAR PRADESH,CPM,5637,0.0
2014,UTTAR PRADESH,INC,6061267,2.0
2014,UTTAR PRADESH,IND,1414869,0.0
2014,UTTAR PRADESH,Others,5289846,2.0
2014,UTTAR PRADESH,SP,17988967,5.0
2014,UTTARAKHAND,BJP,2429698,5.0
2014,UTTARAKHAND,BSP,207846,0.0
2014,UTTARAKHAND,CPM,6577,0.0
2014,UTTARAKHAND,INC,1494440,0.0
2014,UTTARAKHAND,IND,76158,0.0
2014,UTTARAKHAND,Others,159730,0.0
2014,UTTARAKHAND,SP,17441,0.0
2014,WEST BENGAL,AITC,20316262,34.0
2014,WEST BENGAL,BJP,8692297,2.0
2014,WEST BENGAL,BSP,252594,0.0
2014,WEST BENGAL,CPM,11723166,2.0
2014,WEST BENGAL,INC,4946911,4.0
2014,WEST BENGAL,IND,473000,0.0
2014,WEST BENGAL,Others,5175938,0.0
2014,WEST BENGAL,SP,51660,0.0
2019,ANDAMAN & NICOBAR ISLANDS,AITC,1721,0.0
2019,ANDAMAN & NICOBAR ISLANDS,BJP,93901,0.0
2019,ANDAMAN & NICOBAR ISLANDS,BSP,2486,0.0
2019,ANDAMAN & NICOBAR ISLANDS,INC,95308,1.0
2019,ANDAMAN & NICOBAR ISLANDS,IND,9417,0.0
2019,ANDAMAN & NICOBAR ISLANDS,Others,4463,0.0
2019,ANDHRA PRADESH,BJP,303985,0.0
2019,ANDHRA PRADESH,BSP,83613,0.0
2019,ANDHRA PRADESH,CPM,37895,0.0
2019,ANDHRA PRADESH,INC,406977,0.0
2019,ANDHRA PRADESH,IND,248025,0.0
2019,ANDHRA PRADESH,Others,2472935,0.0
2019,ANDHRA PRADESH,SP,6753,0.0
2019,ANDHRA PRADESH,TDP,12515345,3.0
2019,ANDHRA PRADESH,YSRCP,15537006,22.0
2019,ARUNACHAL PRADESH,BJP,379679,2.0
2019,ARUNACHAL PRADESH,INC,134888,0.0
2019,ARUNACHAL PRADESH,IND,13439,0.0
2019,ARUNACHAL PRADESH,Others,124085,0.0
2019,ASSAM,AITC,74522,0.0
2019,ASSAM,BJP,6484596,9.0
2019,ASSAM,CPM,40937,0.0
2019,ASSAM,INC,6373659,3.0
2019,ASSAM,IND,764845,1.0
2019,ASSAM,Others,4245124,1.0
2019,ASSAM,SP,2383,0.0
2019,BIHAR,AITC,5483,0.0
2019,BIHAR,BJP,9619548,17.0
2019,BIHAR,BSP,682428,0.0
2019,BIHAR,CPM,27577,0.0
2019,BIHAR,INC,3140797,1.0
2019,BIHAR,IND,2227705,0.0
2019,BIHAR,Others,18829473,22.0
2019,BIHAR,RJD,6270769,0.0
2019,BIHAR,SP,2881,0.0
2019,CHANDIGARH,BJP,231188,1.0
2019,CHANDIGARH,BSP,7396,0.0
2019,CHANDIGARH,INC,184218,0.0
2019,CHANDIGARH,IND,4714,0.0
2019,CHANDIGARH,Others,29052,0.0
2019,CHHATTISGARH,BJP,6902477,9.0
2019,CHHATTISGARH,BSP,313261,0.0
2019,CHHATTISGARH,INC,5569183,2.0
2019,CHHATTISGARH,IND,259902,0.0
2019,CHHATTISGARH,Others,569630,0.0
2019,DADRA & NAGAR HAVELI,BJP,81420,0.0
2019,DADRA & NAGAR HAVELI,BSP,948,0.0
2019,DADRA & NAGAR HAVELI,INC,8608,0.0
2019,DADRA & NAGAR HAVELI,IND,97458,1.0
2019,DADRA & NAGAR HAVELI,Others,10549,0.0
2019,DAMAN & DIU,BJP,37597,1.0
2019,DAMAN & DIU,BSP,792,0.0
2019,DAMAN & DIU,INC,27655,0.0
2019,DAMAN & DIU,IND,19938,0.0
2019,DAMAN & DIU,Others,1487,0.0
2019,GOA,BJP,436650,1.0
2019,GOA,INC,366158,1.0
2019,GOA,IND,7677,0.0
2019,GOA,Others,42718,0.0
2019,GUJARAT,BJP,18091275,26.0
2019,GUJARAT,BSP,249184,0.0
2019,GUJARAT,INC,9337084,0.0
2019,GUJARAT,IND,626629,0.0
2019,GUJARAT,Others,777792,0.0
2019,HARYANA,BJP,7357347,10.0
2019,HARYANA,BSP,461273,0.0
2019,HARYANA,CPM,9150,0.0
2019,HARYANA,INC,3604106,0.0
2019,HARYANA,IND,135637,0.0
2019,HARYANA,Others,1114023,0.0
2019,HIMACHAL PRADESH,BJP,2661281,4.0
2019,HIMACHAL PRADESH,BSP,32780,0.0
2019,HIMACHAL PRADESH,CPM,14838,0.0
2019,HIMACHAL PRADESH,INC,1051113,0.0
2019,HIMACHAL PRADESH,IND,35710,0.0
2019,HIMACHAL PRADESH,Others,55010,0.0
2019,JAMMU & KASHMIR,BJP,1648041,3.0
2019,JAMMU & KASHMIR,BSP,30877,0.0
2019,JAMMU & KASHMIR,INC,1011527,0.0
2019,JAMMU & KASHMIR,IND,226239,0.0
2019,JAMMU & KASHMIR,Others,635938,3.0
2019,JHARKHAND,AITC,72070,0.0
2019,JHARKHAND,BJP,7623987,11.0
2019,JHARKHAND,BSP,166519,0.0
2019,JHARKHAND,CPM,35586,0.0
2019,JHARKHAND,INC,2338466,1.0
2019,JHARKHAND,IND,621247,0.0
2019,JHARKHAND,Others,3741152,2.0
2019,JHARKHAND,RJD,361478,0.0
2019,JHARKHAND,SP,1453,0.0
2019,KARNATAKA,BJP,18053454,25.0
2019,KARNATAKA,BSP,412382,0.0
2019,KARNATAKA,CPM,18648,0.0
2019,KARNATAKA,INC,11203016,1.0
2019,KARNATAKA,IND,1369087,1.0
2019,KARNATAKA,Others,4082095,1.0
2019,KERALA,BJP,2635810,0.0
2019,KERALA,BSP,50153,0.0
2019,KERALA,CPM,5266510,1.0
2019,KERALA,INC,7596610,15.0
2019,KERALA,IND,817459,0.0
2019,KERALA,Others,4018674,4.0
2019,LAKSHADWEEP,BJP,125,0.0
2019,LAKSHADWEEP,CPM,420,0.0
2019,LAKSHADWEEP,INC,22028,0.0
2019,LAKSHADWEEP,Others,24436,1.0
2019,MADHYA PRADESH,BJP,21406911,28.0
2019,MADHYA PRADESH,BSP,878013,0.0
2019,MADHYA PRADESH,CPM,10423,0.0
2019,MADHYA PRADESH,INC,12733074,1.0
2019,MADHYA PRADESH,IND,699148,0.0
2019,MADHYA PRADESH,Others,1100379,0.0
2019,MADHYA PRADESH,SP,82662,0.0
2019,MAHARASHTRA,BJP,14912139,23.0
2019,MAHARASHTRA,BSP,462539,0.0
2019,MAHARASHTRA,CPM,109570,0.0
2019,MAHARASHTRA,INC,8792237,1.0
2019,MAHARASHTRA,IND,1992817,1.0
2019,MAHARASHTRA,Others,27772637,23.0
2019,MAHARASHTRA,SP,12306,0.0
2019,MANIPUR,BJP,553377,1.0
2019,MANIPUR,INC,398387,0.0
2019,MANIPUR,IND,85565,0.0
2019,MANIPUR,Others,580001,1.0
2019,MEGHALAYA,BJP,108390,0.0
2019,MEGHALAYA,INC,660114,1.0
2019,MEGHALAYA,IND,16142,0.0
2019,MEGHALAYA,Others,582585,1.0
2019,MIZORAM,BJP,28707,0.0
2019,MIZORAM,IND,230796,0.0
2019,MIZORAM,Others,240118,1.0
2019,NAGALAND,INC,484166,0.0
2019,NAGALAND,IND,4620,0.0
2019,NAGALAND,Others,517571,1.0
2019,NCT OF DELHI,BJP,4908541,7.0
2019,NCT OF DELHI,BSP,93977,0.0
2019,NCT OF DELHI,INC,1953900,0.0
2019,NCT OF DELHI,IND,30764,0.0
2019,NCT OF DELHI,Others,1691830,0.0
2019,ODISHA,AITC,9576,0.0
2019,ODISHA,BJD,10174021,12.0
2019,ODISHA,BJP,9130768,8.0
2019,ODISHA,BSP,181496,0.0
2019,ODISHA,CPM,23026,0.0
2019,ODISHA,INC,3285339,1.0
2019,ODISHA,IND,160336,0.0
2019,ODISHA,Others,824412,0.0
2019,ODISHA,SP,5148,0.0
2019,PUDUCHERRY,BSP,2689,0.0
2019,PUDUCHERRY,INC,444981,1.0
2019,PUDUCHERRY,IND,15626,0.0
2019,PUDUCHERRY,Others,327464,0.0
2019,PUNJAB,BJP,1325445,2.0
2019,PUNJAB,BSP,479788,0.0
2019,PUNJAB,CPM,10665,0.0
2019,PUNJAB,INC,5523066,8.0
2019,PUNJAB,IND,235106,0.0
2019,PUNJAB,Others,6191362,3.0
2019,RAJASTHAN,BJP,18968392,24.0
2019,RAJASTHAN,BSP,348678,0.0
2019,RAJASTHAN,CPM,65549,0.0
2019,RAJASTHAN,INC,11107910,0.0
2019,RAJASTHAN,IND,347584,0.0
2019,RAJASTHAN,Others,1602951,1.0
2019,SIKKIM,BJP,16572,0.0
2019,SIKKIM,INC,3990,0.0
2019,SIKKIM,IND,2600,0.0
2019,SIKKIM,Others,328584,1.0
2019,TAMIL NADU,ADMK,7830146,1.0
2019,TAMIL NADU,BJP,1551924,0.0
2019,TAMIL NADU,BSP,161572,0.0
2019,TAMIL NADU,CPM,1018225,2.0
2019,TAMIL NADU,DMK,13877992,23.0
2019,TAMIL NADU,INC,5405674,8.0
2019,TAMIL NADU,IND,3093662,0.0
2019,TAMIL NADU,Others,9427634,4.0
2019,TELANGANA,BJP,3626173,4.0
2019,TELANGANA,BSP,45494,0.0
2019,TELANGANA,CPM,82191,0.0
2019,TELANGANA,INC,5496686,3.0
2019,TELANGANA,IND,586559,0.0
2019,TELANGANA,Others,8805792,10.0
2019,TRIPURA,AITC,8613,0.0
2019,TRIPURA,BJP,1055658,2.0
2019,TRIPURA,CPM,372789,0.0
2019,TRIPURA,INC,545679,0.0
2019,TRIPURA,IND,34288,0.0
2019,TRIPURA,Others,136145,0.0
2019,UTTAR PRADESH,BJP,42858171,62.0
2019,UTTAR PRADESH,BSP,16659754,10.0
2019,UTTAR PRADESH,INC,5457352,1.0
2019,UTTAR PRADESH,IND,854421,0.0
2019,UTTAR PRADESH,Others,5118080,2.0
2019,UTTAR PRADESH,SP,15533620,5.0
2019,UTTARAKHAND,BJP,2954833,5.0
2019,UTTARAKHAND,BSP,216755,0.0
2019,UTTARAKHAND,CPM,6626,0.0
2019,UTTARAKHAND,INC,1520767,0.0
2019,UTTARAKHAND,IND,48003,0.0
2019,UTTARAKHAND,Others,95941,0.0
2019,WEST BENGAL,AITC,24757345,22.0
2019,WEST BENGAL,BJP,23028517,18.0
2019,WEST BENGAL,BSP,221654,0.0
2019,WEST BENGAL,CPM,3594283,0.0
2019,WEST BENGAL,INC,3210491,2.0
2019,WEST BENGAL,IND,544176,0.0
2019,WEST BENGAL,Others,1850510,0.0
